id,area,capability,ui_surface,legacy_guide,coverage,gaps,priority,since_v040,media,evidence,destination,reviewer,workstream
start.product-overview,start-here,"What PureCut CNC is and which devices it supports (web, desktop, tablet; phones blocked)",Landing; phone blocker screen,index#intro,accurate,,release-critical,no,none,app:b6d185643e41d11dd76244b1d3e7b50213cbbdbc; PROJECT.md (Supported product surfaces); src/components/UnsupportedMobileScreen.tsx; i18n:shell.mobileBlocker.*,/guide/,shell/UI,W1
start.install-and-open,start-here,"Getting the app: web (stable /app, preview /app-rc) vs desktop builds; system requirements (WebGL2, OS versions)",Downloads page; web app URLs,index#intro,accurate,,release-critical,no,screenshot: downloads page; none in app,app:b6d185643e41d11dd76244b1d3e7b50213cbbdbc; src/components/viewport3d/webglRenderer.ts; i18n:viewport.view3d.webglUnavailableBody; downloads.html,/guide/start-here/install-and-open/,desktop/platform,W1
start.desktop-updates,start-here,Desktop Check for Updates… and Update Channel (Stable / Snapshot),Desktop native app menu,index#intro,accurate,,release-critical,no,screenshot: macOS app menu with update channel submenu,"app:b6d185643e41d11dd76244b1d3e7b50213cbbdbc; src-tauri/src/lib.rs (check_updates, update_channel); src/utils/updateCheck.ts; src/utils/updateCheck.test.ts; src/platform/useDesktopIntegration.ts; PureCutCNC/purecutcnc#799",/guide/start-here/install-and-open/#desktop-updates,desktop/platform,W1
start.quickstart,start-here,Quick Start: first project from blank template to exported G-code,Whole app,quickstart#step-project;quickstart#step-rect;quickstart#step-circle;quickstart#step-tool;quickstart#step-operation;quickstart#step-preview;quickstart#step-export,accurate,,release-critical,changed,screenshots: re-shoot all 10 from a deterministic fixture,app:b6d185643e41d11dd76244b1d3e7b50213cbbdbc; src/components/project/NewProjectDialog.tsx; src/components/cam/OperationAddMenu.tsx; src/components/export/ExportDialog.tsx; public/tool-library.json; e2e/camOperations.smoke.spec.ts; e2e/gcodeExport.smoke.spec.ts,/quickstart/,shell/UI,W1
start.safety,start-here,"CNC safety: preview and simulation are aids, not guarantees; verify G-code; dry run; the app never invents feeds or speeds",Export dialog; warnings,quickstart#step-export;cam-export#export-dialog;post-processor-converter#after,accurate,,release-critical,no,none,app:b6d185643e41d11dd76244b1d3e7b50213cbbdbc; PROJECT.md (CNC safety contract); src/engine/toolpaths/warningCodes.ts,/guide/start-here/safety/,CAM toolpaths,W1
start.privacy,start-here,"Local data, no account; web-only page analytics (GoatCounter); user-initiated update check",Web app; desktop menu,index#intro,accurate,,reference,no,none,app:b6d185643e41d11dd76244b1d3e7b50213cbbdbc; src/utils/analytics.ts; src/utils/updateCheck.ts,/guide/reference/privacy-and-data/,desktop/platform,W1
start.workflow-overview,start-here,Typical workflow from project to G-code,Whole app,index#workflow;index#guide-sections,accurate,,release-critical,changed,diagram: workflow overview,app:b6d185643e41d11dd76244b1d3e7b50213cbbdbc; README.md; src/engine/operations/camPlan/INDEX.md; src/import/INDEX.md,/guide/,shell/UI,W1
fund.workspace-layout,fundamentals,"Workspace layout: top bar, tool rail, project panel, CAM panel, workspace tabs, pull-out panel handles",App shell,interface#layout,accurate,,release-critical,no,screenshot: full workspace with callouts,app:b6d185643e41d11dd76244b1d3e7b50213cbbdbc; src/components/layout/AppShell.tsx; e2e/panelHandles.smoke.spec.ts,/guide/fundamentals/workspace/,shell/UI,W1
fund.working-views,fundamentals,"Sketch, 3D view and Simulation tabs and when to use each",Workspace tabs (Sketch / 3D / Sim),interface#views;view-sketch#sketch-overview;view-sketch#sketch-workflow,accurate,,release-critical,no,screenshot: each tab,app:b6d185643e41d11dd76244b1d3e7b50213cbbdbc; i18n:shell.topBar.tabSketch; i18n:appShell.workspace.*; e2e/viewportViews.smoke.spec.ts,/guide/fundamentals/workspace/#views,shell/UI,W1
fund.sketch-overlays,fundamentals,"What the Sketch view shows: stock size and origin axis labels, feature colours and legend, out-of-stock border, clamp-collision moves",Sketch canvas; feature colour legend,view-sketch#sketch-overlays,accurate,,release-critical,no,screenshot: annotated sketch view,app:b6d185643e41d11dd76244b1d3e7b50213cbbdbc; i18n:canvas.legend.*; i18n:canvas.warning.exceedsStock; src/components/canvas/SketchCanvas.tsx,/guide/fundamentals/workspace/#sketch-overlays,sketch,W1
fund.top-toolbar,fundamentals,"Top toolbar: file actions, undo/redo, zoom to model/selected, snap popover, measure menu, appearance, language",Top bar,interface#toolbar,accurate,,release-critical,changed,screenshot: top bar with labels,app:b6d185643e41d11dd76244b1d3e7b50213cbbdbc; src/components/layout/toolbar/GlobalActions.tsx; i18n:file.*; i18n:shell.topBar.*,/guide/fundamentals/workspace/#top-toolbar,shell/UI,W1
fund.tool-rail,fundamentals,"Tool rail: creation target, shape drawer, align, distribute, copy, move, delete, resize, rotate, mirror, offset, constraint, join, cut",Left tool rail,interface#toolbar,accurate,,release-critical,no,screenshot: tool rail and shape drawer,app:b6d185643e41d11dd76244b1d3e7b50213cbbdbc; src/components/layout/ToolRail.tsx; i18n:appShell.toolRail.*; i18n:sketch.transform.*,/guide/fundamentals/workspace/#tool-rail,shell/UI,W1
fund.status-bar,fundamentals,"Status bar: stock size, unit switch, view visibility toggles (labels, grid, stock, backdrop, origin, regions, construction, tabs, clamps), feature colour legend, About",Bottom status bar,concepts#construction,accurate,,release-critical,no,screenshot: expanded status bar,app:b6d185643e41d11dd76244b1d3e7b50213cbbdbc; i18n:appShell.status.*; src/components/layout/StatusBarExtras.tsx,/guide/fundamentals/workspace/#status-bar,shell/UI,W1
fund.workflow-panels,fundamentals,"Canvas workflow panels and their keys (Tab, Enter, Esc, K, L/A/S, Backspace)",Floating canvas panels,interface#canvas-workflow-panels,accurate,,release-critical,no,screenshot: rectangle creation panel,app:b6d185643e41d11dd76244b1d3e7b50213cbbdbc; src/components/canvas/CanvasWorkflowPanel.tsx; src/components/canvas/useCanvasKeyboard.ts; e2e/canvasWorkflowPanel.smoke.spec.ts,/guide/fundamentals/workspace/#workflow-panels,sketch,W1
fund.properties-panel,fundamentals,"Properties panel contents per selection, and the expanded multi-column view",Project panel → Properties,interface#properties-panel,accurate,,release-critical,no,screenshot: feature properties; expanded modal,app:b6d185643e41d11dd76244b1d3e7b50213cbbdbc; src/components/feature-tree/PropertiesPanel.tsx; i18n:featureTree.properties.*,/guide/fundamentals/feature-tree/#properties,shell/UI,W1
fund.new-project,fundamentals,"New Project dialog: templates (Blank metric/imperial, Current project, Template file) with preview",New project dialog,interface#starting-a-project,accurate,,release-critical,no,screenshot: new project dialog,app:b6d185643e41d11dd76244b1d3e7b50213cbbdbc; src/components/project/NewProjectDialog.tsx; i18n:dialogs.newProject.*,/guide/fundamentals/projects-and-files/,shell/UI,W1
fund.examples,fundamentals,"Bundled example projects (PureCutCNC, T Style guitar body, Badge) and the Start your part card",New project dialog; empty-state card,interface#starting-a-project,accurate,,reference,no,screenshot: empty-state card,app:b6d185643e41d11dd76244b1d3e7b50213cbbdbc; public/examples/manifest.json; src/components/project/exampleManifest.test.ts; src/components/onboarding/EmptyStateOverlay.tsx,/guide/fundamentals/projects-and-files/#examples,shell/UI,W1
fund.open-save,fundamentals,"Open and save .camj projects (web file access or download fallback, touch .camj.json, desktop Save As), unsaved-changes prompt, saved/unsaved badge",Top bar; desktop File menu,index#file-format,accurate,,release-critical,no,none,app:b6d185643e41d11dd76244b1d3e7b50213cbbdbc; src/platform/ (browser.test.ts); src-tauri/src/lib.rs; i18n:shell.topBar.saved; i18n:platform.*,/guide/fundamentals/projects-and-files/#open-and-save,desktop/platform,W1
fund.project-format,reference,.camj format versions and load-time migration notices (format 3.1 retract heights),Load warning banner,,missing,Not documented. Users opening older files see a conversion notice.,reference,no,none,src/types/project.ts (LATEST_PROJECT_VERSION); src/store/helpers/projectFormat.ts; src/store/operationMigration.test.ts,/guide/reference/file-formats/#camj,shell/UI,W5
fund.feature-roles,fundamentals,"Feature roles: Add, Subtract, Line (open or closed), Region, Construction, Model",Feature tree role badge; properties,concepts#add-subtract;concepts#features,accurate,,release-critical,changed,diagram: role matrix (material / target / filter),app:b6d185643e41d11dd76244b1d3e7b50213cbbdbc; src/types/project.ts (FeatureOperation); src/store/helpers/featureRoles.test.ts; i18n:featureTree.treeRow.operation.*,/guide/fundamentals/features-and-roles/,sketch,W1
fund.z-range,fundamentals,Z Top and Z Bottom as coordinates; Z-range slider; regions follow stock; construction has no depth; lines inherit the enclosing surface,Properties → Z range,concepts#z-coordinates,accurate,,release-critical,no,diagram: Z top/bottom vs cut depth,app:b6d185643e41d11dd76244b1d3e7b50213cbbdbc; src/components/feature-tree/ZRangeSlider.tsx; src/store/lineTopZFromEnclosingFeature.test.ts; i18n:featureTree.properties.z.*,/guide/fundamentals/features-and-roles/#z-range,sketch,W1
fund.tree-order,fundamentals,Feature order and the first-solid rule (tree warning when the first 2.5D feature is not Add),Feature tree,concepts#tree-order,accurate,,release-critical,no,screenshot: first-feature warning,app:b6d185643e41d11dd76244b1d3e7b50213cbbdbc; i18n:featureTree.tree.warning.firstFeaturePrefix; src/store/featureLifecycle.test.ts,/guide/fundamentals/features-and-roles/#order,sketch,W1
fund.feature-tree,fundamentals,"Feature tree nodes (Project, Grid, Stock, Origin, Backdrop, Features, Regions, Construction, Tabs, Clamps) and show/hide all",Project panel → tree,interface#feature-tree,accurate,,release-critical,no,screenshot: tree with every node,app:b6d185643e41d11dd76244b1d3e7b50213cbbdbc; src/components/feature-tree/FeatureTree.tsx; i18n:featureTree.tree.*,/guide/fundamentals/feature-tree/,shell/UI,W1
fund.folders-groups,fundamentals,"Folders, region/construction folders, group and ungroup, select all in folder",Feature tree,interface#feature-tree,accurate,,reference,no,none,app:b6d185643e41d11dd76244b1d3e7b50213cbbdbc; src/store/folderGroup.test.ts; src/store/folderGroupTransforms.test.ts; i18n:featureTree.treeRow.group,/guide/fundamentals/feature-tree/#folders-and-groups,shell/UI,W1
fund.visibility-lock,fundamentals,"Visibility and locking of features, and what visibility does to the model, previews and export",Tree eye toggle; Locked checkbox,concepts#visibility;sketch-edit#locking,accurate,,release-critical,changed,none,app:b6d185643e41d11dd76244b1d3e7b50213cbbdbc; src/components/export/exportOperationSelection.ts; src/components/export/exportOperationSelection.test.ts; src/engine/toolpaths/clamps.ts; PureCutCNC/purecutcnc#802,/guide/fundamentals/feature-tree/#visibility,shell/UI,W1
fund.context-menus,fundamentals,"Feature context menu (make unique, select linked, create/add to/remove from operation, edit sketch, constraint, transforms, folder, group, join, cut, use as stock, delete); long-press on touch",Right-click or long-press,cam-operations#adding-operations;concepts#feature-references,accurate,,release-critical,no,screenshot: context menu,app:b6d185643e41d11dd76244b1d3e7b50213cbbdbc; src/components/feature-tree/FeatureContextMenu.tsx; src/app/useTreeContextMenu.test.ts; i18n:featureTree.contextMenu.*,/guide/fundamentals/feature-tree/#context-menu,shell/UI,W1
fund.linked-features,fundamentals,"Linked copies: definitions and instances, copy mode, make unique, select linked, link badge",Tree badge; context menu; project copy mode,concepts#feature-references,accurate,,release-critical,no,diagram: definition vs instances,app:b6d185643e41d11dd76244b1d3e7b50213cbbdbc; ARCHITECTURE.md §4; src/store/duplicateReference.test.ts; e2e/featureReferences.smoke.spec.ts; i18n:featureTree.contextMenu.makeUnique; PureCutCNC/purecutcnc#801,/guide/fundamentals/linked-features/,sketch,W1
fund.stock,fundamentals,"Stock: size, thickness, colour, profile stock (edit sketch, reset to rectangle), use a feature as stock, resize by dimension",Stock node; context menu Use as stock,concepts#stock,accurate,,release-critical,no,screenshot: stock properties,app:b6d185643e41d11dd76244b1d3e7b50213cbbdbc; src/types/project.ts (Stock); src/components/feature-tree/PropertiesPanel.tsx; i18n:featureTree.properties.stock.*; i18n:canvas.driving.title.resizeStock,/guide/fundamentals/stock-origin-units/#stock,sketch,W1
fund.origin,fundamentals,"Machine origin: presets, Place origin, manual Z, and how export uses it",Origin node,concepts#origin,accurate,,release-critical,no,screenshot: origin marker and presets,app:b6d185643e41d11dd76244b1d3e7b50213cbbdbc; i18n:featureTree.properties.origin.*; i18n:canvas.placement.originStep; i18n:dialogs.export.originDescription,/guide/fundamentals/stock-origin-units/#origin,post/G-code,W1
fund.units,fundamentals,Project units and the unit conversion dialog (convert values vs keep numbers); tool units,Project node; status bar unit switch,concepts#units,accurate,,release-critical,no,screenshot: unit conversion dialog,app:b6d185643e41d11dd76244b1d3e7b50213cbbdbc; src/components/project/UnitConversionDialog.tsx; src/store/unitChange.test.ts; e2e/unitConversion.smoke.spec.ts,/guide/fundamentals/stock-origin-units/#units,shell/UI,W1
fund.grid,fundamentals,"Grid settings: extent, major/minor lines, snap increment, visibility",Grid node,sketch-snapping#grid-settings,accurate,,reference,no,none,i18n:featureTree.properties.gridExtent; src/app/useSnapSettings.test.ts,/guide/design/snapping-and-grid/#grid,sketch,W2
fund.regions,fundamentals,"Regions as machining masks: include/exclude, composition, tool-centre bound, where masks are unsupported",Create regions target; properties Mask mode,concepts#regions;cam-operations#reassigning-targets,accurate,,release-critical,changed,diagram: include/exclude composition,app:b6d185643e41d11dd76244b1d3e7b50213cbbdbc; planning/REGION_FEATURE_SEMANTICS.md; src/engine/toolpaths/regionDomain.ts; src/engine/toolpaths/regionDomain.test.ts; i18n:warnings.xyLeadRegionMask,/guide/fundamentals/regions/,CAM toolpaths,W1
fund.construction,fundamentals,Construction geometry,Create construction target; tree section,concepts#construction,accurate,,reference,no,screenshot: construction geometry,app:b6d185643e41d11dd76244b1d3e7b50213cbbdbc; src/engine/constructionExclusion.test.ts; src/store/constructionWorkflows.test.ts,/guide/fundamentals/construction-geometry/,sketch,W1
fund.tablet,fundamentals,"Tablet shell: command bar, tool rail, drawers, snap and measure popovers, Multi-select toggle, gestures, rotate prompt",Touch devices,interface#tablet-shell,accurate,,release-critical,no,screenshot: tablet shell (iPad landscape),app:b6d185643e41d11dd76244b1d3e7b50213cbbdbc; planning/TABLET_UX_DESIGN.md; src/styles/tablet.css; i18n:canvas.axisLock.multiSelect; i18n:appShell.tablet.rotatePrompt,/guide/fundamentals/tablet-and-touch/,shell/UI,W1
fund.undo-redo,fundamentals,"Undo and redo scope: what enters history, and what does not (language, theme, machine library)",Top bar; shortcuts,index#file-format,accurate,,reference,no,none,app:b6d185643e41d11dd76244b1d3e7b50213cbbdbc; ARCHITECTURE.md §9; src/i18n/INDEX.md; i18n:file.undo,/guide/fundamentals/workspace/#undo-and-redo,shell/UI,W1
fund.sketch-navigation,fundamentals,"Sketch navigation: pan (middle-drag, right-drag, Shift+drag), wheel zoom at pointer, zoom to model/selected, double-click to edit",Sketch canvas,sketch-tools#canvas-navigation;view-sketch#sketch-navigation,accurate,,release-critical,no,none,app:b6d185643e41d11dd76244b1d3e7b50213cbbdbc; src/components/canvas/usePointerGestures.ts,/guide/fundamentals/workspace/#navigation,sketch,W1
design.creation-target,design,"Creation target (features, lines, regions, construction) for new shapes",Tool rail target toggle,sketch-tools#creation-target,accurate,,release-critical,no,screenshot: target toggle,app:b6d185643e41d11dd76244b1d3e7b50213cbbdbc; e2e/creationTargets.smoke.spec.ts; i18n:sketch.target.*,/guide/design/drawing-tools/#creation-target,sketch,W2
design.basic-shapes,design,"Rectangle, circle and ellipse with typed dimensions",Shape drawer,sketch-tools#rectangle;sketch-tools#circle;sketch-tools#ellipse,accurate,,release-critical,no,screenshots: one per tool,app:b6d185643e41d11dd76244b1d3e7b50213cbbdbc; src/store/creationDefinitions.test.ts; i18n:canvas.creation.step.*,/guide/design/drawing-tools/,sketch,W2
design.polygon-spline,design,"Polygon and spline: close, finish open, undo point",Shape drawer,sketch-tools#polygon;sketch-tools#spline,accurate,,release-critical,no,"screenshots: polygon, spline",app:b6d185643e41d11dd76244b1d3e7b50213cbbdbc; src/components/canvas/useCanvasKeyboard.ts,/guide/design/drawing-tools/#polygon,sketch,W2
design.composite,design,"Composite path with line, arc and spline segments (L/A/S)",Shape drawer,sketch-tools#composite,accurate,,release-critical,no,screenshot: composite in progress,app:b6d185643e41d11dd76244b1d3e7b50213cbbdbc; src/components/canvas/useCanvasKeyboard.ts; i18n:canvas.composite.mode.*,/guide/design/drawing-tools/#composite,sketch,W2
design.parametric-shapes,design,"Slot, regular polygon (3–50 sides), rounded and chamfered rectangles",Shape drawer,sketch-tools#more-shapes,accurate,,reference,no,screenshots: one per shape,app:b6d185643e41d11dd76244b1d3e7b50213cbbdbc; src/types/slot.test.ts; src/types/ngon.test.ts; src/store/helpers/cannedRectProfiles.test.ts,/guide/design/parametric-shapes/,sketch,W2
design.gear,design,"Gear: tooth count, whole depth, involute or straight flanks, pressure angle, root and crest forms, bore",Shape drawer → gear panel,sketch-tools#more-shapes,accurate,,reference,no,screenshot: gear parameter panel,app:b6d185643e41d11dd76244b1d3e7b50213cbbdbc; src/sketch/gearProfile.ts; src/sketch/gearProfile.test.ts; src/store/gearCreation.test.ts; i18n:canvas.gear.*,/guide/design/parametric-shapes/#gear,sketch,W2
design.sticky-tools,design,Drawing tools stay armed and keep per-shape settings,Shape tools,sketch-tools#overview,accurate,,reference,no,none,app:b6d185643e41d11dd76244b1d3e7b50213cbbdbc; src/store/stickyDrawing.test.ts,/guide/design/drawing-tools/,sketch,W2
design.text-tool,design,"Add text: content, skeleton or outline style, font (31 faces), height, add/subtract",Add text dialog,sketch-tools#text;sketch-text#text-overview;sketch-text#placing-text;sketch-text#text-styles,accurate,,release-critical,no,screenshot: add text dialog,app:b6d185643e41d11dd76244b1d3e7b50213cbbdbc; src/types/project.ts (TextFontId); src/text/fontData.test.ts; i18n:dialogs.textTool.*,/guide/design/text/,sketch,W2
design.text-layout,design,"Text layout on a circle or along a guide path: radius, angle, sweep, direction, offsets, anchor, fit, orientation",Properties → Text layout workflow,sketch-text#placing-text,accurate,,release-critical,new,"screenshots: arc text, path text with panel",app:b6d185643e41d11dd76244b1d3e7b50213cbbdbc; src/sketch/textPlacement.ts; src/store/textLayout.test.ts; src/store/textLayoutPersistence.test.ts; src/text/baseline.test.ts; e2e/textLayout.smoke.spec.ts; i18n:canvas.textLayout.*,/guide/design/text/#text-layout,sketch,W2
design.text-edit-expand,design,Edit text properties; Expand text to features (one group per glyph; original kept),Properties panel,sketch-text#editing-text;sketch-text#expand-text,accurate,,reference,no,screenshot: expanded glyph groups,app:b6d185643e41d11dd76244b1d3e7b50213cbbdbc; src/store/textExpansion.test.ts; src/store/slices/featureSlice.ts (expandTextFeature); i18n:featureTree.properties.expandText,/guide/design/text/#expand-text,sketch,W2
design.text-machining,design,"Choosing operations for text (engrave skeleton, V-carve or pocket outline; trochoidal slot unsuitable)",CAM,sketch-text#text-cam,accurate,,reference,no,none,app:b6d185643e41d11dd76244b1d3e7b50213cbbdbc; src/store/helpers/vcarveTargets.test.ts; i18n:cam.operation.carveChannelWidthNote,/guide/design/text/#machining-text,CAM toolpaths,W2
design.selection,design,"Selecting: click, Shift/Cmd-click, marquee, Cmd/Ctrl+A, overlap picker for stacked features",Sketch canvas; tree,sketch-edit#selecting;view-sketch#sketch-navigation,incomplete,Missing the overlapping-feature picker and select all.,release-critical,no,screenshot: overlap picker,src/components/canvas/OverlapFeaturePicker.tsx; e2e/overlapFeatureSelection.smoke.spec.ts; src/App.tsx (Cmd/Ctrl+A),/guide/design/selecting-and-transforming/,sketch,W2
design.transforms,design,"Move, copy (with count), resize, rotate (with copies), mirror, keep originals",Tool rail; context menu,sketch-edit#transforms,stale,Mirror is missing; resize and rotate now use a reference-line workflow; Offset is described as a dialog.,release-critical,no,"screenshots: move, rotate copy, mirror",src/store/instanceTransforms.test.ts; src/store/projectStoreTransform.test.ts; i18n:canvas.transform.*; i18n:canvas.move.*,/guide/design/selecting-and-transforming/#transforms,sketch,W2
design.clipboard,design,"Feature clipboard: copy, cut, paste between projects with placement preview",Cmd/Ctrl+C/X/V,sketch-edit#clipboard,accurate,,reference,no,none,src/platform/featureClipboard.test.ts; src/store/copyFeatureOrder.test.ts; i18n:canvas.paste.*,/guide/design/selecting-and-transforming/#clipboard,sketch,W2
design.align-distribute,design,Align and distribute selected features,Tool rail menus,sketch-edit#alignment,accurate,,reference,no,none,i18n:sketch.align.*; i18n:sketch.distribute.*,/guide/design/arranging/,sketch,W2
design.feature-distribution,design,"Feature distribution: grid, radial, along path, orientation, scale taper",Tool rail → Feature distribution,sketch-edit#feature-distribution,accurate,,release-critical,no,"screenshots: grid, radial, path",src/sketch/featureDistribution.test.ts; src/store/featureDistribution.test.ts; e2e/featureDistribution.smoke.spec.ts,/guide/design/arranging/#feature-distribution,sketch,W2
design.offset,design,"Offset: live preview inside or outside, typed distance",Tool rail → Offset,sketch-edit#transforms,stale,Describes an offset dialog with signed distance; it is a workflow panel with a live preview.,release-critical,no,screenshot: offset preview,src/store/helpers/offsetSimplify.test.ts; i18n:canvas.offset.*,/guide/design/shape-operations/#offset,sketch,W2
design.join,design,Join closed features (keep originals),Tool rail → Join,sketch-edit#shape-ops,accurate,,reference,no,none,src/store/joinImmediate.test.ts; src/store/joinSharedEdge.test.ts; src/store/openProfileJoin.test.ts,/guide/design/shape-operations/#join,sketch,W2
design.cut,design,"Cut: choose cutters, then targets; open cutters split closed shapes",Tool rail → Cut,sketch-edit#shape-ops,stale,Describes clicking one cutter; the workflow is Select cutters → Next → Select targets.,release-critical,no,screenshot: cut workflow panel,src/store/polygonSplit.test.ts; i18n:canvas.cut.*,/guide/design/shape-operations/#cut,sketch,W2
design.sketch-edit-session,design,"Edit sketch session: node drag, segment dimension entry, arc fields, finish/cancel, profile warnings",Edit Sketch panel,sketch-edit#sketch-edit,incomplete,Self-intersection and outside-stock warnings are not covered.,release-critical,no,screenshot: edit sketch panel,src/store/editInPlace.test.ts; src/store/helpers/profileEdit.test.ts; e2e/sketchEditSession.smoke.spec.ts; i18n:canvas.edit.*,/guide/design/sketch-editing/,sketch,W2
design.sketch-edit-tools,design,"Add point, delete point, delete segment, disconnect, fillet, chamfer, trim, extend",Edit Sketch panel,sketch-edit#sketch-edit,incomplete,Delete segment and Disconnect (split) are missing.,release-critical,no,"screenshots: fillet, trim",src/store/slices/trimFeatureSegment.test.ts; src/store/slices/extendFeatureEndpoint.test.ts; i18n:sketch.edit.*,/guide/design/sketch-editing/#tools,sketch,W2
design.axis-lock,design,Axis lock: Alt/Option cycles X → Y → off; tablet lock button,Canvas chip; tablet button,sketch-snapping#axis-lock;sketch-edit#sketch-edit,stale,sketch-edit#sketch-edit says hold Shift; the implementation cycles with Alt only.,reference,no,none,src/sketch/useAxisLock.ts; src/sketch/useAxisLock.test.ts; i18n:canvas.axisLock.*,/guide/design/snapping-and-grid/#axis-lock,sketch,W2
design.snapping,design,"Snap modes (grid, point, line, midpoint, center, intersection, perpendicular) and the snap label",Snap popover,sketch-snapping#snap-overview;sketch-snapping#snap-modes,accurate,,release-critical,no,screenshot: snap popover,src/sketch/snapping.ts; src/components/canvas/snappingHelpers.test.ts; i18n:shell.snap.*,/guide/design/snapping-and-grid/,sketch,W2
design.tape-measure,design,Tape measure,Measure menu,sketch-dimensions#tape-measure,accurate,,reference,no,none,i18n:canvas.tape.*,/guide/design/dimensions-and-constraints/#tape,sketch,W2
design.dimensions,design,"Dimension annotations: six types, anchors, dangling dimensions, delete mode, show/hide",Measure menu,sketch-dimensions#overview;sketch-dimensions#toolbar;sketch-dimensions#placing-dimensions;sketch-dimensions#visibility;sketch-dimensions#limits,accurate,,reference,no,screenshot: dimensions on a part,src/sketch/dimensions.test.ts; i18n:canvas.dimension.*,/guide/design/dimensions-and-constraints/,sketch,W2
design.driving-dimensions,design,"Driving dimensions: edit a value to resize geometry or stock, flip the held side",Canvas dimension label,sketch-dimensions#editing-dimensions,accurate,,reference,no,none,src/sketch/drivingDimensionResolver.test.ts; i18n:canvas.driving.*,/guide/design/dimensions-and-constraints/#driving,sketch,W2
design.constraints,design,"Fixed-distance constraints: anchor, reference, distance; reference types; world reference; invalid state",Tool rail → Constraint; properties list,sketch-edit#constraints,incomplete,"Constraint reference types (intersection, perpendicular, point on segment, midpoint, center, vertex, world) are not listed.",reference,no,screenshot: constraint panel,src/sketch/constraintSolver.test.ts; src/store/linkedConstraintResolve.test.ts; i18n:featureTree.properties.constraints.*,/guide/design/dimensions-and-constraints/#constraints,sketch,W2
design.import-dialog,design,"Import dialog: file types, source-unit detection, project units, progress, warning summary",Top bar → Import geometry,sketch-import#import-overview;sketch-import#after-import,stale,"No STEP. After-import steps tell users to set Add/Subtract manually, which the solid-regions classifier now does.",release-critical,changed,screenshot: import dialog,src/import/types.ts; src/import/supportedExtensions.test.ts; src/components/project/importModelFile.test.ts; e2e/importGeometry.smoke.spec.ts; i18n:dialogs.importGeometry.*,/guide/design/importing-2d/,import,W2
design.import-svg,design,"SVG import: Auto, Paths and Solid-regions modes; paint intent; nesting-aware add/subtract; summary counts",Import dialog,sketch-import#svg-import,stale,The geometry-mode selector and classification summary are not described.,release-critical,no,screenshot: SVG import summary,src/import/svg.ts; src/import/svg.test.ts; src/import/classifier.test.ts; src/store/importRoles.test.ts,/guide/design/importing-2d/#svg,import,W2
design.import-dxf,design,"DXF import: layers, join tolerance, cross-layer join, INSERT expansion, units",Import dialog,sketch-import#dxf-import,stale,"Layer selection, join tolerance and cross-layer join are missing.",release-critical,no,screenshot: DXF layer picker,src/import/dxf.ts; src/import/classifier.test.ts; i18n:dialogs.importGeometry.joinTolerance,/guide/design/importing-2d/#dxf,import,W2
design.import-stl-obj,design,"STL and OBJ import: axis orientation, silhouette Z steps, multi-body split, large meshes",Import dialog,sketch-import#stl-obj-import,incomplete,Import-time axis orientation and silhouette steps are missing.,release-critical,no,screenshot: multi-body import,src/import/stl.ts; src/import/stl.test.ts; src/import/obj.test.ts; src/engine/importedMesh.test.ts; i18n:dialogs.importGeometry.axisOrientation,/guide/design/importing-3d-models/,import,W2
design.import-step,design,"STEP (.step/.stp) import: tessellation, surface tolerance, declared units, size and triangle limits, failure messages",Import dialog,,missing,"New since v0.4.0; not documented anywhere, including the landing page.",release-critical,new,screenshot: STEP import settings,src/import/stepImportClient.ts; src/import/stepImportClient.test.ts; src/import/stepTessellation.test.ts; src/import/stepUnits.test.ts; i18n:dialogs.importGeometry.step*,/guide/design/importing-3d-models/#step,import,W2
design.model-orientation,design,"Model orientation after import: rotate X/Y/Z, quarter turns, lift, reset; linked copies rotate together",Properties → 3D orientation,sketch-import#stl-obj-import,accurate,,release-critical,no,screenshot: 3D orientation section,src/components/feature-tree/ModelOrientationSection.tsx; src/engine/modelOrientation.test.ts; e2e/modelOrientation.smoke.spec.ts,/guide/design/importing-3d-models/#orientation,import,W2
design.import-camj,design,"Import folders from another .camj project, optionally with stock; what is not imported",Import dialog (.camj),sketch-import#camj-import,incomplete,"Missing the exclusions (backdrop, grid, machine definitions, global constraints) and the exact checkbox label.",reference,no,screenshot: folder picker,src/import/camj.ts; src/import/camj.test.ts; src/store/importBulk.test.ts; i18n:dialogs.importGeometry.camjImportNote,/guide/design/importing-2d/#camj,import,W2
design.backdrop,design,"Backdrop images: load PNG/JPEG, opacity, size, angle, move/resize/rotate",Backdrop node,sketch-import#backdrop,accurate,,reference,no,screenshot: backdrop tracing,i18n:featureTree.properties.backdrop.*; i18n:sketch.backdrop.*,/guide/design/backdrop-images/,sketch,W2
cam.cam-panel,cam-setup,"CAM panel: Operations and Tools tabs, show/hide all toolpaths, per-operation G-code and booklet export, expanded view",Right panel,interface#cam-panel,incomplete,Header actions and the per-operation export buttons are not covered.,release-critical,no,screenshot: CAM panel header,src/components/cam/CAMPanel.tsx; i18n:cam.panel.*,/guide/cam-setup/working-with-operations/,CAM planning,W3
cam.add-menu,cam-setup,"Add operation menu: 2D and 3D groups, Rough/Finish/Both, info cards, select all compatible, unavailable-for-selection section",CAM panel → Add,cam-operations#adding-operations,incomplete,"The validity partition (#733) and 2D/3D grouping are missing; the pass button is ""Both"", not ""Rough + Finish"".",release-critical,changed,screenshot: add menu with unavailable section,src/components/cam/OperationAddMenu.tsx; src/components/cam/operationValidity.test.ts; i18n:cam.addMenu.*; i18n:cam.quickOp.*,/guide/cam-setup/working-with-operations/#adding,CAM planning,W3
cam.context-operations,cam-setup,"Create operation, Add to operation and Remove from operation from the feature context menu",Feature context menu,cam-operations#adding-operations,incomplete,Add to and Remove from operation are missing.,reference,no,none,src/components/cam/operationTargetLists.test.ts; i18n:featureTree.contextMenu.addToOperation,/guide/cam-setup/working-with-operations/#context-menu,CAM planning,W3
cam.operation-list,cam-setup,"Operations list: order by drag, duplicate, delete, enable, toolpath show/hide, generating and paused marks",CAM panel list,cam-operations#reordering-operations,incomplete,Only reordering is described.,release-critical,no,screenshot: operations list,i18n:cam.treeRow.*,/guide/cam-setup/working-with-operations/#list,CAM planning,W3
cam.operation-groups,cam-setup,"Operation property groups (Identity, What it cuts, Tool, Depth, Speeds & feeds, Strategy, Advanced overrides, Entry & retract, Corners, Drilling, Output) and parameter reference diagrams",Operation properties,interface#cam-panel;cam-operations#operation-parameters,stale,"Several pages still point at an ""Advanced"" section that was split into these groups.",release-critical,changed,screenshot: grouped properties,src/components/cam/operationFields.ts; src/components/cam/operationFields.test.ts; src/components/cam/OperationParameterReference.tsx,/guide/operations/common-parameters/,CAM planning,W3
cam.targets,cam-setup,"Operation targets: Use current selection, stock target source, region filters summary, validity hints",What it cuts group,cam-operations#reassigning-targets,incomplete,The stock target source and the validity hint catalogue are missing.,release-critical,no,none,src/components/cam/operationValidity.ts; i18n:cam.hint.*; i18n:cam.target.*,/guide/cam-setup/working-with-operations/#targets,CAM planning,W3
cam.generation,cam-setup,"Toolpath generation: automatic on visibility, status (up to date, generating, paused, failed), Stop/Resume/Retry, Compute backend (main thread or experimental background thread)",CAM panel gear menu; row marks,concepts#visibility,stale,Only says there is no Compute button; the generation settings menu (#734) is new.,release-critical,new,screenshot: generation settings menu,src/components/cam/GenerationSettingsMenu.tsx; src/app/toolpathGeneration/service.test.ts; e2e/generationBackend.smoke.spec.ts; i18n:appShell.generation.*,/guide/cam-setup/working-with-operations/#generation,CAM planning,W3
cam.cam-plan,cam-setup,"CAM Plan: recommended operations, tools, rest passes and shared tabs; coverage review; create operations",CAM panel → Plan,,missing,"New since v0.4.0 (#742, #770) and not documented. The planner is described internally as a POC, so #22 should decide preview labelling.",release-critical,new,"screenshots: plan dialog, coverage review",src/components/cam/CAMPlanDialog.tsx; src/components/cam/CAMPlanOperationEditor.tsx; src/engine/operations/camPlan/createCamPlan.test.ts; src/store/camPlanApply.test.ts; i18n:cam.plan.*,/guide/cam-setup/cam-plan/,CAM planning,W3
cam.tool-import,cam-setup,"Import tools from the bundled library (search, type and unit filters, multi-select)",Tools tab → Import from library,cam-tools#adding-tools,stale,Says 26 bundled sizes; public/tool-library.json now has 34. The site sample page repeats 26.,release-critical,changed,screenshot: library dialog,public/tool-library.json; src/toolLibrary.test.ts; src/components/cam/toolLibraryDialogModel.test.ts; e2e/toolLibraryDialog.smoke.spec.ts,/guide/cam-setup/tool-library/,CAM planning,W3
cam.tool-manage,cam-setup,"Add, duplicate and delete tools; tools used by an operation cannot be deleted",Tools tab,cam-tools#tools-overview;cam-tools#adding-tools;cam-tools#deleting-tools,accurate,"Check the button glyph descriptions (⧉, ✕) against the current icons.",release-critical,no,screenshot: tools list,i18n:cam.tools.*; src/store/addOperationTool.test.ts,/guide/cam-setup/tool-library/#managing,CAM planning,W3
cam.tool-properties,cam-setup,Tool properties,Tool properties,cam-tools#tool-properties,accurate,,release-critical,no,none,src/types/project.ts (Tool); i18n:cam.tool.*,/guide/cam-setup/tool-library/#properties,CAM planning,W3
cam.machine-selection,cam-setup,Choose a machine on the Project node; status badges,Project properties → Machine,cam-export#machine-selection;machine-library#status-badges,stale,Describes an Add machine button that loads JSON (now Manage machines → Import) and omits the Generic built-in.,release-critical,changed,screenshot: machine field with badge,src/engine/gcode/definitions/; i18n:featureTree.properties.machine.*,/guide/cam-setup/machines/,post/G-code,W3
cam.machine-library,cam-setup,"My Machines, built-in machines and the project copy",Manage machines dialog,machine-library#two-places;machine-library#my-machines;machine-library#sharing;machine-library#older-projects;machine-library#related,accurate,,release-critical,no,screenshot: manage machines,src/machine/registry.test.ts; src/machine/store.test.ts; e2e/machineLibrary.smoke.spec.ts,/guide/cam-setup/machines/#library,post/G-code,W3
cam.machine-updates,cam-setup,Machine definition update notices,Notice banner; manager comparison,machine-library#update-notice,accurate,,reference,no,screenshot: update notice,src/store/machineSnapshot.test.ts; i18n:dialogs.machineUpdate.*,/guide/cam-setup/machines/#updates,post/G-code,W3
cam.machine-editor,cam-setup,"Machine editor: General, Program, Tool change, Coolant, raw JSON, variables reference, validation",Machine editor dialog,cam-export#custom-machines,incomplete,Form sections and the variables reference are not described.,reference,no,screenshot: machine editor,src/components/machine/machineDefinitionForm.test.ts; i18n:dialogs.machineEditor.*,/guide/cam-setup/machines/#editor,post/G-code,W3
cam.clearances,cam-setup,"Clearances: Safe Z, Op clear Z, Clamp clear XY, Clamp clear Z",Project properties,cam-export#clearances,accurate,,release-critical,no,none,src/types/project.ts (ProjectMeta); i18n:featureTree.properties.safeZ,/guide/cam-setup/clamps-and-clearances/#clearances,post/G-code,W3
cam.tabs,cam-setup,"Tabs: auto place, manual add, rectangular or smooth shape, bulk edit, and tab warnings",Tabs node; edge route Tabs,cam-tabs-clamps#tabs-overview,incomplete,"Missing the warnings (tabs block final depth, outside cut Z, edge routes only) and the trochoidal smooth-to-rectangular fallback.",release-critical,no,screenshot: smooth vs rectangular crossing,src/engine/toolpaths/tabs.test.ts; src/engine/toolpaths/tabSmoothing.test.ts; src/store/tabShape.test.ts; e2e/bulkProperties.smoke.spec.ts; i18n:warnings.tabsBlockFinalDepth,/guide/cam-setup/tabs/,CAM toolpaths,W3
cam.clamps,cam-setup,"Clamps: placement, collision highlighting, toolpaths kept clear at generation (material left uncut), drilling skipped under clamps",Clamps node,cam-tabs-clamps#clamps-overview,stale,Says clamps only affect rapid moves; since #731 generation also keeps cuts clear of clamps and reports the uncut material.,release-critical,changed,screenshot: clamp avoidance warning,src/engine/toolpaths/clampAvoidance.test.ts; src/engine/toolpaths/clamps.test.ts; i18n:warnings.clampBlockedCut; i18n:warnings.drillSkippedUnderClamp,/guide/cam-setup/clamps-and-clearances/,CAM toolpaths,W3
ops.choosing,operations,Choosing an operation and its target requirements,Add menu hints,cam-operations#choosing;cam-operations#feature-requirements;cam-operations#operation-types,stale,"V-carve accepts closed line features; engrave treats regions as filters, not targets; 3D finish needs exactly one model; STEP models count as models; trochoidal pocket is missing.",release-critical,changed,diagram: goal → operation table,src/components/cam/operationValidity.ts; src/components/cam/operationValidity.test.ts; i18n:cam.hint.*,/guide/operations/,CAM toolpaths,W3
ops.common-parameters,operations,"Common parameters: name, description, pass, enabled, tool defaults, feed, plunge feed, RPM, machining order, cut direction, stock to leave, finish walls/floor",Operation properties,cam-operations#operation-parameters,incomplete,The description field and per-kind field visibility are not covered.,release-critical,no,none,src/components/cam/operationFields.ts; src/store/helpers/operationDefaults.test.ts,/guide/operations/common-parameters/,CAM toolpaths,W3
ops.pocket,operations,Pocket,Operation kind pocket,cam-operations#operation-types;cam-operations#operation-parameters,stale,Missing the trochoidal pattern and XY approach & exit. Uses old field names (Round Outside/Link/Clean Wall Corners). Clearing into non-target subtracts (#737) is not explained.,release-critical,changed,screenshot: pocket toolpath; example image exists in app,src/engine/toolpaths/pocket.ts; src/engine/toolpaths/pocketPatterns.test.ts; src/engine/toolpaths/resolverNonTargetSubtract.test.ts; public/operation-examples/pocket-example.png,/guide/operations/pocket/,CAM toolpaths,W3
ops.surface-clean,operations,Surface clean,Operation kind surface_clean,cam-operations#operation-types;cam-operations#operation-parameters,stale,"Describes facing the top of an add feature; the operation clears the area around taller add features at each step height, accepts model features, and offers the trochoidal pattern.",release-critical,changed,screenshot: surface clean bands,src/engine/toolpaths/surface.ts; src/engine/toolpaths/surface.test.ts; src/engine/toolpaths/surfaceRetainedMaterial.test.ts; i18n:cam.opDesc.surfaceClean.fullDescription,/guide/operations/surface-clean/,CAM toolpaths,W3
ops.edge-inside,operations,Edge route inside,Operation kind edge_route_inside,cam-operations#operation-types;cam-operations#operation-parameters,incomplete,Missing: regions are contour-only; XY approach needs a ramped entry; rest operations.,release-critical,no,screenshot: inside route,src/engine/toolpaths/edge.ts; src/engine/toolpaths/edgeEntryPolicy.test.ts; src/engine/toolpaths/xyLeadEdge.test.ts,/guide/operations/edge-route-inside/,CAM toolpaths,W3
ops.edge-outside,operations,Edge route outside,Operation kind edge_route_outside,cam-operations#operation-types;cam-operations#operation-parameters,incomplete,Accepts add or model features; the combined outer contour and mixed-depth warnings are not covered.,release-critical,no,screenshot: outside route with tabs,src/engine/toolpaths/edge.ts; src/engine/toolpaths/multiFeature.test.ts; i18n:warnings.edgeMixedDepthSpans,/guide/operations/edge-route-outside/,CAM toolpaths,W3
ops.vcarve-offset,operations,V-carve offset,Operation kind v_carve,cam-operations#operation-types;cam-operations#operation-parameters,stale,Targets include closed line features. Contour spacing and max carve depth need their current names and rules.,release-critical,no,screenshot: V-carve offset,src/engine/toolpaths/vcarve.ts; src/engine/toolpaths/vcarveLineResolver.test.ts; src/store/helpers/vcarveTargets.test.ts,/guide/operations/v-carve-offset/,CAM toolpaths,W3
ops.vcarve-medial,operations,V-carve medial,Operation kind v_carve_medial,cam-operations#operation-types;cam-operations#operation-parameters,stale,Documents a Step Size field that does not exist (sampling is automatic). Closed line targets are not mentioned.,release-critical,no,screenshot: V-carve medial,src/engine/toolpaths/vcarveMedial/vcarveMedial.test.ts; src/engine/toolpaths/vcarveMedial/resolution.test.ts; i18n:warnings.vcarveSamplingBudget,/guide/operations/v-carve-medial/,CAM toolpaths,W3
ops.engrave,operations,"Engrave: Direct or Trochoidal (slot), carve depth, top Z from the enclosing surface",Operation kind follow_line,cam-operations#operation-types;cam-operations#operation-parameters,incomplete,"Accurate core. Clarify that regions are filters, not targets.",release-critical,no,screenshot: engrave direct and slot,src/engine/toolpaths/carving.ts; src/engine/toolpaths/carving.test.ts; src/store/lineTopZFromEnclosingFeature.test.ts,/guide/operations/engrave/,CAM toolpaths,W3
ops.drill,operations,"Drill: simple, peck, dwell and chip-breaking cycles; retract height; hole order; canned-cycle support per machine",Operation kind drilling,cam-operations#operation-types;cam-operations#operation-parameters,incomplete,"Machines without canned cycles (Generic, GRBL, grblHAL) get expanded moves, and holes under clamps are skipped. Neither is covered.",release-critical,no,screenshot: drilling order,src/engine/toolpaths/drilling.ts; src/engine/toolpaths/drillingRetract.test.ts; src/engine/gcode/definitions/; i18n:warnings.postCannedCycleUnsupported,/guide/operations/drill/,CAM toolpaths,W3
ops.helical-boring,operations,Helical boring drill type,Drill type Helical,cam-operations#helical-boring,accurate,,reference,no,diagram: helical bore,i18n:warnings.drillHelical*,/guide/operations/drill/#helical,CAM toolpaths,W3
ops.countersink,operations,V-bit countersink drill type,Drill type Countersink,cam-operations#countersinking,stale,"The field is ""Countersink diameter"" (not ""Finished Mouth Diameter""), with a read-only ""Countersink depth"".",reference,no,diagram: countersink geometry,src/engine/toolpaths/drillingCountersink.test.ts; i18n:cam.operation.countersinkDiameter,/guide/operations/drill/#countersink,CAM toolpaths,W3
ops.3d-rough,operations,3D surface rough,Operation kind rough_surface,cam-operations#operation-types;cam-operations#operation-parameters,stale,Missing the trochoidal pattern and STEP models. Model cross-section protection (#785) and retained 2.5D material (#777) changed the behaviour.,release-critical,changed,screenshot: rough surface levels,src/engine/toolpaths/roughSurface.ts; src/engine/toolpaths/roughSurface.test.ts; src/engine/toolpaths/modelSection.ts; src/engine/toolpaths/surfaceRetainedMaterial.test.ts,/guide/operations/3d-surface-rough/,CAM toolpaths,W4
ops.3d-finish,operations,"3D surface finish: parallel, waterline, constant scallop; exactly one model",Operation kind finish_surface,cam-operations#operation-types;cam-operations#operation-parameters,stale,"Constant scallop, scallop height and the slope filter are missing.",release-critical,changed,screenshot: finish patterns side by side,src/engine/toolpaths/finishSurface.ts; src/engine/toolpaths/finishSurface.test.ts; src/engine/toolpaths/finishSurfaceConstantScallop.test.ts,/guide/operations/3d-surface-finish/,CAM toolpaths,W4
ops.3d-cleanup,operations,3D surface cleanup: finish-only walls and floors at retained step depths,Operation kind finish_surface_cleanup,cam-operations#operation-types;cam-operations#operation-parameters,stale,"The legacy description (removes material a finish missed) does not match the app (wall and floor passes at the deepest retained Z of each step, with independent toggles and a stock-to-leave warning).",release-critical,no,screenshot: cleanup passes,src/engine/toolpaths/finishSurfaceCleanup.ts; src/engine/toolpaths/finishSurfaceCleanup.test.ts; i18n:cam.opDesc.finishSurfaceCleanup.fullDescription,/guide/operations/3d-surface-cleanup/,CAM toolpaths,W4
strat.offset-parallel,strategies,Offset and parallel clearing patterns (angle; arc simplification),Strategy → Pattern,cam-operations#operation-parameters,accurate,,release-critical,no,diagram: offset vs parallel,src/engine/toolpaths/pocketPatterns.test.ts; src/engine/toolpaths/offsetSmoothing.test.ts,/guide/strategies/clearing-patterns/,CAM toolpaths,W4
strat.seeded-circles,strategies,Seeded circles clearing,Pattern Seeded circles,cam-operations#seeded-circle-clearing,accurate,,release-critical,no,screenshot exists (cam-seeded-circles.png),src/engine/toolpaths/seedClearing.test.ts; src/engine/toolpaths/seedLeftover.test.ts; src/engine/toolpaths/seedScheduling.test.ts,/guide/strategies/clearing-patterns/#seeded-circles,CAM toolpaths,W4
strat.trochoidal-pocket,strategies,"Trochoidal clearing for pocket, surface clean and 3D rough: cut width, advance, ring pitch, orbited ring links, tight spots",Pattern Trochoidal,,missing,"New since v0.4.0 (#718, #789, #790). Includes the finish-floor orbit rule and the corner-relief limitation.",release-critical,new,screenshots: trochoidal pocket rings and links,src/engine/toolpaths/pocketTrochoidal.test.ts; src/engine/toolpaths/trochoidalRingLinks.test.ts; src/types/project.ts (isTrochoidalPocket); i18n:warnings.pocketTrochoidal*,/guide/strategies/trochoidal-cutting/#clearing,CAM toolpaths,W4
strat.trochoidal-edge,strategies,Trochoidal edge routing,Edge route Strategy,cam-operations#trochoidal,accurate,Add the budget and tab-safety warnings.,release-critical,no,screenshot exists (cam-trochoidal-edge.png),src/engine/toolpaths/trochoidalEdge.test.ts; src/engine/toolpaths/trochoidalPointBudget.test.ts; i18n:warnings.edgeTrochoidal*,/guide/strategies/trochoidal-cutting/#edge-routes,CAM toolpaths,W4
strat.trochoidal-engrave,strategies,Trochoidal (slot) engraving and channel width,Engrave Strategy,cam-operations#trochoidal,accurate,,reference,no,none,src/engine/toolpaths/guideFragments.test.ts; i18n:warnings.carveTrochoidal*,/guide/strategies/trochoidal-cutting/#slots,CAM toolpaths,W4
strat.entry,strategies,"Entry strategy: plunge, helix, ramp; fallback; start from the previous floor",Entry & retract group,cam-operations#entry-moves,stale,"Says the controls are under Advanced → Entry and apply only to pocket, surface clean and 3D rough; edge routes also support them now.",release-critical,changed,"screenshots exist (cam-entry-helix.png, cam-entry-ramp.png) — re-shoot",src/engine/toolpaths/entry.ts (supportsEntryStrategy); src/engine/toolpaths/entry.test.ts; src/engine/toolpaths/edgeEntryPolicy.test.ts,/guide/strategies/entry-and-exit/,CAM toolpaths,W4
strat.xy-lead,strategies,XY approach & exit (tangent arc lead-in and lead-out) and when it falls back,Entry & retract → XY approach & exit,,missing,New since v0.4.0 (#715). Unavailable under region masks; edge routes need a ramped entry; applies only to ring-clearing roughing patterns.,release-critical,new,diagram: direct vs tangent arc approach,src/engine/toolpaths/xyLead.ts; src/engine/toolpaths/xyLead.test.ts; src/engine/toolpaths/xyLeadIntegration.test.ts; i18n:cam.operation.xyLeadStrategyTooltip; i18n:warnings.xyLead*,/guide/strategies/entry-and-exit/#xy-approach,CAM toolpaths,W4
strat.corner-rounding,strategies,"Round corners, round link junctions, round wall corners",Corners group,cam-operations#operation-parameters,stale,"Uses old names (Round Outside Corners, Round Link Corners, Clean Wall Corners).",reference,no,diagram: ring rounding vs links,src/engine/toolpaths/tangentLink.test.ts; src/engine/toolpaths/wallCornerCleanup.test.ts; i18n:cam.operation.roundOutsideCorners,/guide/strategies/corners/,CAM toolpaths,W4
strat.corner-relief,strategies,"Corner relief: dogbone, T-bone, T-bone longest edge; skipped corners",Corners → Corner relief,cam-operations#corner-relief,stale,The screenshot caption places it under Advanced; the group is Corners. Trochoidal pockets do not support it.,release-critical,no,screenshot exists (cam-corner-relief.png) — re-shoot,src/engine/toolpaths/cornerRelief.ts; src/engine/toolpaths/cornerRelief.test.ts; i18n:warnings.cornerRelief*,/guide/strategies/corners/#corner-relief,CAM toolpaths,W4
strat.feed-reduction,strategies,Feed reduction: slots only or by engagement; slot feed %,Speeds & feeds group,cam-operations#feed-reduction,accurate,,release-critical,no,screenshot exists (cam-feed-reduction-legend.png),src/engine/toolpaths/engagement.test.ts; src/engine/toolpaths/engagementPocket.test.ts; src/engine/toolpaths/feed.test.ts,/guide/strategies/feed-reduction/,CAM toolpaths,W4
strat.rest-machining,strategies,Rest machining: Create rest operation from a pocket or edge route; generated region; smaller tool; trochoidal edge unsupported,What it cuts → Rest machining,cam-operations#rest-machining,stale,Says rest regions are generated automatically when an edge route is added and omits pockets; it is an explicit button on pocket and edge-route operations.,release-critical,no,screenshot: rest operation result,src/store/createRestOperation.test.ts; src/engine/toolpaths/restRegions.ts; src/components/cam/operationFields.ts (restMachining); i18n:cam.restOp.*,/guide/strategies/rest-machining/,CAM toolpaths,W4
strat.waterline-refinement,strategies,"Waterline finish quality: adaptive refinement, adaptive spacing, max rings per band; budget warnings",Waterline finish fields,cam-operations#operation-parameters,stale,"Documents ""Micro Stepover"" and ""Refinement Threshold""; the UI exposes Adaptive refinement, Adaptive spacing and Max rings / band.",reference,no,screenshot exists (cam-3d-surface-waterline.png),src/engine/toolpaths/finishSurfaceWaterline.ts; src/engine/toolpaths/finishSurfaceWaterlineBudget.test.ts; i18n:cam.operation.adaptiveSpacing,/guide/strategies/3d-finishing/#waterline,CAM toolpaths,W4
strat.constant-scallop,strategies,Constant-scallop 3D finish,Pattern Constant scallop,,missing,"New since v0.4.0 (#707, #717).",release-critical,new,screenshot: constant scallop over a carved top,src/engine/toolpaths/finishSurfaceConstantScallop.ts; src/engine/toolpaths/finishSurfaceConstantScallop.test.ts; src/engine/toolpaths/constantScallopField.test.ts,/guide/strategies/3d-finishing/#constant-scallop,CAM toolpaths,W4
strat.scallop-height,strategies,Scallop height input for ball-endmill finishing and implied cusp readouts,Scallop height field,,missing,New since v0.4.0.,release-critical,new,diagram: scallop height,src/components/cam/ScallopHeightField.tsx; src/engine/toolpaths/scallopHeight.test.ts; i18n:cam.operation.scallopHeight*,/guide/strategies/3d-finishing/#scallop-height,CAM toolpaths,W4
strat.slope-filter,strategies,Finish slope filter (minimum and maximum slope),Strategy → Filter by surface slope,,missing,New since v0.4.0 (#703).,release-critical,new,screenshot: slope-limited finish,src/components/cam/SurfaceSlopeFields.tsx; src/engine/toolpaths/finishSurfaceSlope.test.ts; src/store/surfaceSlope.test.ts; i18n:cam.operation.slopeHelp,/guide/strategies/3d-finishing/#slope-filter,CAM toolpaths,W4
strat.model-protection,strategies,"Surface protection: model cross-section, retained 2.5D material, surrounding features, clamps and tabs",3D surface operations,cam-operations#operation-parameters,incomplete,"Changed after v0.4.0 (#777, #780, #785); the guide gives a one-line summary.",reference,changed,none,src/engine/toolpaths/modelProtection.ts; src/engine/toolpaths/retainedMaterial.ts; src/engine/toolpaths/surfaceRetainedMaterial.test.ts,/guide/strategies/3d-finishing/#protection,CAM toolpaths,W4
strat.subtract-fold,strategies,"How pockets treat overlapping and chained subtract features (non-target subtract fold, chain limit)",Pocket / V-carve / inside route results,,missing,"Behaviour changed after v0.4.0 (#737, #740, #751, #758). Users see the region-extended and chain-limit warnings without an explanation.",reference,changed,diagram: subtract fold,planning/BAND_RESOLVER_SEMANTICS.md; src/engine/toolpaths/resolverNonTargetSubtract.test.ts; src/engine/toolpaths/resolverSubtractChain.test.ts; i18n:warnings.subtractChainLimitReached,/guide/strategies/clearing-patterns/#overlapping-subtracts,CAM toolpaths,W4
verify.toolpath-legend,verify-export,"Toolpath legend: move-type toggles, shared collapse, clamp-collision amber",Viewport corner toolbar,sketch-toolpaths#overview;sketch-toolpaths#show-legend;sketch-toolpaths#shared-collapse;sketch-toolpaths#in-sketch;sketch-toolpaths#in-3d;view-3d#3d-toolpaths,accurate,Written partly as release notes.,release-critical,no,"screenshots exist (toolpath-legend.png, toolpath-sketch.png, toolpath-3d.png)",src/components/ToolpathVisibilityPanel.tsx; src/components/canvas/toolpathDisplay.test.ts; e2e/toolpathVisibility.smoke.spec.ts,/guide/verify-export/toolpath-preview/,simulation/3D,W5
verify.feed-colours,verify-export,Feed colours and the feed percentage legend,Legend → Feed colours,cam-operations#feed-reduction,accurate,Documented only on the operations page.,reference,no,screenshot exists,src/components/toolpathFeedLegend.test.ts; e2e/feedColours.smoke.spec.ts,/guide/verify-export/toolpath-preview/#feed-colours,simulation/3D,W5
verify.level-filter,verify-export,Toolpath level filter (planar Z-level preview),Legend → Toolpath level,,missing,New since v0.4.0 (#753).,release-critical,new,screenshot: level rail,src/components/ToolpathLevelRail.tsx; src/components/toolpathLevels.test.ts; i18n:appShell.toolpath.level,/guide/verify-export/toolpath-preview/#levels,simulation/3D,W5
verify.gpu-renderer,verify-export,"2D toolpath renderer: Canvas or GPU, suggestion tip, fallback and retry",Legend → 2D renderer,,missing,"New since v0.4.0 (#691, #696).",release-critical,new,screenshot: renderer toggle and tip,src/components/ToolpathRendererControl.tsx; src/components/canvas/toolpathRendererPreference.test.ts; src/components/canvas/toolpathGpuSuggestion.test.ts; i18n:appShell.toolpath.renderer*,/guide/verify-export/toolpath-preview/#renderer,simulation/3D,W5
verify.operation-warnings,verify-export,Toolpath warnings in operation properties; export errors vs warnings,Operation properties; export dialog,cam-operations#entry-moves;cam-operations#corner-relief,incomplete,"Warnings are mentioned per feature; there is no general ""reading warnings"" guidance.",release-critical,no,screenshot: warnings list,src/engine/toolpaths/warningCodes.ts; src/engine/toolpaths/warningCodes.test.ts; src/i18n/warningsCoverage.test.ts,/guide/verify-export/toolpath-preview/#warnings,CAM toolpaths,W5
verify.3d-view,verify-export,"3D view: CSG model, navigation, view presets and fit/reset menu, open features, imported models",3D tab,view-3d#3d-overview;view-3d#3d-navigation;view-3d#3d-model;view-3d#open-features;view-3d#imported-models,stale,Says double-click resets the view (there is no double-click handler; Reset view is in the camera menu). The view-preset menu is missing.,release-critical,no,"screenshots: 3D view, camera menu",src/components/viewport3d/viewPresets.test.ts; src/components/viewport3d/orbitControls.test.ts; e2e/viewportViews.smoke.spec.ts; i18n:viewport.presets.*,/guide/verify-export/3d-view/,simulation/3D,W5
verify.webgl-fallback,reference,When WebGL2 is unavailable or the context is lost (2D workspace stays usable),3D and Sim tabs,view-simulation#sim-performance,incomplete,Only simulation GPU notes; the #787 fallback messages are not covered.,release-critical,new,screenshot: WebGL unavailable message,src/components/viewport3d/webglRenderer.ts; src/components/viewport3d/webglContextGuard.test.ts; e2e/webglUnavailable.smoke.spec.ts; e2e/webglContextLoss.smoke.spec.ts,/guide/reference/troubleshooting/#webgl,simulation/3D,W5
verify.simulation,verify-export,"Simulation: selected/visible mode, detail, play tool, speed, step, progress, stop & reset, readouts, docking",Sim tab,view-simulation#sim-overview;view-simulation#sim-controls;view-simulation#sim-navigation;view-simulation#sim-gpu,incomplete,"Simulation mode (Selected vs Visible), Play tool and Step are missing. States that only visible operations are simulated.",release-critical,no,screenshots: playback bar,src/engine/simulation/playback.test.ts; src/engine/simulation/replay.test.ts; src/app/useSimulationModel.test.ts; i18n:viewport.sim.*,/guide/verify-export/simulation/,simulation/3D,W5
verify.sim-checklist,verify-export,"What to check in simulation, and its limits",Sim tab,view-simulation#sim-what-to-check;view-simulation#sim-performance,accurate,,release-critical,no,none,planning/SIMULATION_GPU_HEIGHTFIELD_DESIGN.md,/guide/verify-export/simulation/#checklist,simulation/3D,W5
verify.gcode-export,verify-export,"Export G-code dialog: machine, origin, units, operation checklist and defaults, M6/coolant options, errors and warnings, 30-line preview, export",Export dialog,cam-export#export-dialog;cam-export#what-is-exported,stale,"Describes a download of all enabled+visible operations with syntax highlighting; the dialog has a per-operation checklist (default: enabled, has a tool, visible) and output options.",release-critical,changed,screenshot: export dialog,src/components/export/ExportDialog.tsx; src/components/export/exportOperationSelection.test.ts; e2e/gcodeExport.smoke.spec.ts; i18n:dialogs.export.*,/guide/verify-export/gcode-export/,post/G-code,W5
verify.export-blocking,verify-export,"Why export is blocked or warned: tool changes disabled, missing tool, stale preview, canned-cycle and coolant fallbacks",Export dialog messages,,missing,#763 made a tool change without M6 an error.,release-critical,changed,none,src/components/export/exportBlockReason.ts; src/components/export/exportBlockReason.test.ts; i18n:warnings.post*,/guide/verify-export/gcode-export/#messages,post/G-code,W5
verify.exported-motion,verify-export,"Exported motion inspector: layers, move counts, verification; eligible when exactly one planar operation is selected",Export dialog → Inspect exported motion,cam-debug-view#why-a-debug-view;cam-debug-view#opening-the-inspector;cam-debug-view#motion-layers;cam-debug-view#move-counts;cam-debug-view#verification,stale,"The opening steps require ticking Debug toolpath, which production builds do not show; the button appears for a single eligible operation.",reference,no,screenshot exists (cam-debug-view-overlay.png),src/components/export/ExportDialog.tsx (inspectEligible); src/components/cam/CAMPanel.tsx (DEV-only debug toggle); src/engine/gcode/motionDebug.test.ts; e2e/motionDebug.smoke.spec.ts,/guide/verify-export/exported-motion/,post/G-code,W5
verify.arc-fitting,verify-export,"Arc fitting (G2/G3) per operation, machine capability, validated arc output",Output group → Arc fitting,cam-debug-view#arc-fitting-per-operation;cam-export#arc-validation,accurate,Name the Output group.,reference,no,none,src/engine/gcode/arcFitting.test.ts; src/engine/gcode/trochoidalArcExport.test.ts; i18n:warnings.postArc*,/guide/verify-export/exported-motion/#arc-fitting,post/G-code,W5
verify.linear-optimizer,verify-export,Always-on linear move optimizer,Export,cam-debug-view#why-a-debug-view,accurate,,reference,no,none,src/engine/toolpaths/linearMoveOptimization.test.ts,/guide/verify-export/exported-motion/#optimizer,post/G-code,W5
verify.booklet,verify-export,"Operation booklet PDF: entry point, contents, localized output",CAM panel → Export booklet (PDF),cam-export#operation-booklet,stale,Describes a Booklet field with an Export PDF button inside the parameters; export is a CAM panel header action.,reference,no,screenshot exists (cam-operation-booklet.png),src/engine/operationBooklet/operationBooklet.test.ts; i18n:booklet.*; i18n:cam.panel.exportBookletForOperation,/guide/verify-export/setup-booklets/,post/G-code,W5
verify.model-export-stl,verify-export,"Export model as STL (binary/ASCII, curve quality, include imported meshes)",Export model dialog,sketch-export#overview;sketch-export#export-model;view-3d#stl-export,accurate,,reference,no,screenshot exists (sketch-export-stl.png),src/engine/modelExport/stl.test.ts; i18n:dialogs.modelExport.*,/guide/verify-export/model-export-and-print/#stl,import,W5
verify.model-export-svg,verify-export,"Export design as SVG (area, content, colour)",Export model dialog,sketch-export#export-model,accurate,,reference,no,screenshot exists (sketch-export-svg.png),src/engine/modelExport/svg.test.ts,/guide/verify-export/model-export-and-print/#svg,import,W5
verify.print,verify-export,"Print design: paper, print area, scale, offsets, content toggles, title block",Print design dialog,sketch-export#print-design,incomplete,"The content toggles (grid, backdrop, labels, tabs, clamps, toolpath overlays, title block, colour) are not listed.",reference,no,screenshot exists (sketch-print-dialog.png),src/engine/designPrint/designPrint.test.ts; i18n:dialogs.printDesign.*,/guide/verify-export/model-export-and-print/#print,import,W5
ref.shortcuts,reference,Keyboard shortcuts (web and desktop menus),Global,interface#canvas-workflow-panels;sketch-edit#clipboard;sketch-snapping#axis-lock,accurate,,release-critical,no,none,app:b6d185643e41d11dd76244b1d3e7b50213cbbdbc; src/App.tsx (handleKeyDown); src-tauri/src/lib.rs; src/components/canvas/useCanvasKeyboard.ts,/guide/reference/keyboard-shortcuts/,shell/UI,W1
ref.file-formats,reference,Import and export formats table,Import/export dialogs,sketch-import#import-overview;sketch-export#overview,incomplete,"There is no consolidated table (SVG, DXF, STL, OBJ, STEP/STP, .camj in; .camj/.camj.json, STL, SVG, G-code per machine extension, PDF, machine/theme/language JSON out; PNG/JPEG backdrops).",release-critical,changed,none,src/import/types.ts; src/engine/gcode/definitions/; src/engine/modelExport/,/guide/reference/file-formats/,import,W5
ref.machine-definitions,reference,"Machine definition field reference, built-in IDs and extensions, canned-cycle support",Machine editor raw JSON,cam-export#custom-machines,incomplete,"Accurate fields. Add the built-in table (Generic .nc, GRBL 1.1 .nc, grblHAL .nc, LinuxCNC .ngc, Mach3 .tap, UCCNC .txt) and which have canned cycles.",reference,no,none,src/engine/gcode/types.ts; src/engine/gcode/definitions/*.json; src/engine/gcode/postprocessor.test.ts,/guide/reference/machine-definitions/,post/G-code,W5
ref.post-converter,reference,Post-Processor Converter command-line tool,Developer CLI (app repository),post-processor-converter#what-it-is;post-processor-converter#running;post-processor-converter#formats;post-processor-converter#report;post-processor-converter#after,accurate,Developer tool; re-check the flags against the CLI.,reference,no,none,src/postProcessorConverter/INDEX.md; src/postProcessorConverter/cli.test.ts; planning/Post_Processor_Converter_Design.md,/guide/reference/post-processor-converter/,post/G-code,W5
ref.themes,reference,"Appearance modes, theme manager, custom theme editor, readability checks, where themes apply",Appearance menu,appearance#appearance-modes;appearance#theme-manager;appearance#custom-theme-editor;appearance#where-themes-apply,accurate,,reference,no,"screenshots exist (appearance-menu.png, theme-manager.png, theme-editor.png)",app:b6d185643e41d11dd76244b1d3e7b50213cbbdbc; src/theme/; src/theme/editorCoverage.test.ts; e2e/themeManager.smoke.spec.ts; i18n:themeEditor.fixBlockedTitle,/guide/reference/themes/,i18n/theme,W1
ref.languages,reference,"Interface languages, language manager, language pack editor",Language menu,language#switching-language;language#language-manager;language#language-editor,accurate,,reference,no,"screenshots exist (language-menu.png, language-manager.png, language-editor.png)",app:b6d185643e41d11dd76244b1d3e7b50213cbbdbc; src/i18n/locales/en/index.ts; src/i18n/registry.test.ts; e2e/languageManager.smoke.spec.ts,/guide/reference/languages/,i18n/theme,W1
ref.warnings,reference,"Warning and error message reference (what each means, what to do)",Operation warnings; export dialog,,missing,"About 190 warning strings, none explained in the guide.",reference,no,none,src/i18n/locales/en/warnings.ts; src/engine/toolpaths/warningCodes.ts,/guide/reference/warnings/,CAM toolpaths,W5
ref.troubleshooting,reference,"Troubleshooting: import failures and units, STEP limits, generation paused or failed, GPU fallback, clamp and tab conflicts, dense meshes",Various,,missing,The initiative requires a troubleshooting section; only scattered tips exist.,release-critical,no,none,i18n:dialogs.importGeometry.error.*; i18n:appShell.generation.*; i18n:warnings.surface3dMeshTooDense,/guide/reference/troubleshooting/,shell/UI,W5
ref.glossary,reference,Glossary aligned with the app and PROJECT.md terminology,n/a,concepts#features,accurate,,reference,no,none,app:b6d185643e41d11dd76244b1d3e7b50213cbbdbc; PROJECT.md (Canonical terminology); src/i18n/GLOSSARY.md,/guide/reference/glossary/,i18n/theme,W1
ref.about,reference,"About dialog (web) and native About (desktop): version, release, links",Status bar → About; desktop menu,index#intro,accurate,,reference,no,none,app:b6d185643e41d11dd76244b1d3e7b50213cbbdbc; src/components/about/AboutDialog.tsx; i18n:viewport.about.*,/guide/start-here/install-and-open/#about,desktop/platform,W1
